{
    "epoch": 20,
    "train_loss": 4.636802142666232,
    "val_loss": 3.287743674742209,
    "lr": 0.05,
    "hidden_dim": 4,
    "input_dim": 1,
    "use_census": false,
    "n_hidden_layers": 1
}