{
    "epoch": 46,
    "train_loss": 0.0004700148881940575,
    "val_loss": 0.00046949505714790805,
    "sparsity_eval_score": 16.0,
    "lr": 0.0001
}