{
    "epoch": 21,
    "lr": 0.0001,
    "val_loss": 0.007790327137336135,
    "val_loss_cfips": 0.00017764021118637174,
    "val_loss_features": 0.007612686948850751,
    "train_loss": 0.07617833769790412,
    "train_loss_cfips": 0.00018884124619021142,
    "train_loss_features": 0.007598949648288603,
    "hidden_dim": 4
}