{
    "epoch": 438,
    "train_loss": 1.7049995071432564,
    "val_loss": 1.2578481481625483,
    "lr": 4.9999999999999996e-06,
    "input_dim": 7,
    "emb_dim": 32,
    "dim_feedforward": 512,
    "n_head": 4,
    "n_layers": 4,
    "seq_len": 10,
    "batch_size": 256,
    "stride": 1,
    "use_census": true,
    "use_derivative": true,
    "variante": 4
}